food/jam/gold_apple	Golden Apple Jam	金苹果果酱
food/jam/enchanted_gold_apple	Enchanted Golden Apple Jam	附魔金苹果果酱
food/raw_mooncake/blackberry	Raw Blackberry Mooncake	生黑莓月饼
food/raw_mooncake/raspberry	Raw Raspberry Mooncake	生树莓月饼
food/raw_mooncake/blueberry	Raw Blueberry Mooncake	生蓝莓月饼
food/raw_mooncake/elderberry	Raw Elderberry Mooncake	生接骨木莓月饼
food/raw_mooncake/snowberry	Raw Snowberry Mooncake	生雪莓月饼
food/raw_mooncake/bunchberry	Raw Bunchberry Mooncake	生御膳橘月饼
food/raw_mooncake/gooseberry	Raw Gooseberry Mooncake	生鹅莓月饼
food/raw_mooncake/cloudberry	Raw Cloudberry Mooncake	生云莓月饼
food/raw_mooncake/strawberry	Raw Strawberry Mooncake	生草莓月饼
food/raw_mooncake/wintergreen_berry	Raw Wintergreen Berry Mooncake	生冬青莓月饼
food/raw_mooncake/cranberry	Raw Cranberry Mooncake	生蔓越莓月饼
food/raw_mooncake/banana	Raw Banana Mooncake	生香蕉月饼
food/raw_mooncake/cherry	Raw Cherry Mooncake	生樱桃月饼
food/raw_mooncake/green_apple	Raw Green Apple Mooncake	生青苹果月饼
food/raw_mooncake/red_apple	Raw Red Apple Mooncake	生红苹果月饼
food/raw_mooncake/lemon	Raw Lemon Mooncake	生柠檬月饼
food/raw_mooncake/olive	Raw Olive Mooncake	生橄榄月饼
food/raw_mooncake/orange	Raw Orange Mooncake	生橙子月饼
food/raw_mooncake/peach	Raw Peach Mooncake	生桃子月饼
food/raw_mooncake/plum	Raw Plum Mooncake	生李子月饼
food/raw_mooncake/melon_slice	Raw Melon Mooncake	生西瓜月饼
food/raw_mooncake/peanut	Raw Peanut Mooncake	生花生月饼
food/raw_mooncake/gold_apple	Raw Golden Apple Mooncake	生金苹果月饼
food/raw_mooncake/enchanted_gold_apple	Raw Enchanted Golden Apple Mooncake	生附魔金苹果月饼
food/mooncake/blackberry	Blackberry Mooncake	黑莓月饼
food/mooncake/raspberry	Raspberry Mooncake	树莓月饼
food/mooncake/blueberry	Blueberry Mooncake	蓝莓月饼
food/mooncake/elderberry	Elderberry Mooncake	接骨木莓月饼
food/mooncake/snowberry	Snowberry Mooncake	雪莓月饼
food/mooncake/bunchberry	Bunchberry Mooncake	御膳橘月饼
food/mooncake/gooseberry	Gooseberry Mooncake	鹅莓月饼
food/mooncake/cloudberry	Cloudberry Mooncake	云莓月饼
food/mooncake/strawberry	Strawberry Mooncake	草莓月饼
food/mooncake/wintergreen_berry	Wintergreen Berry Mooncake	冬青莓月饼
food/mooncake/cranberry	Cranberry Mooncake	蔓越莓月饼
food/mooncake/banana	Banana Mooncake	香蕉月饼
food/mooncake/cherry	Cherry Mooncake	樱桃月饼
food/mooncake/green_apple	Green Apple Mooncake	青苹果月饼
food/mooncake/red_apple	Red Apple Mooncake	红苹果月饼
food/mooncake/lemon	Lemon Mooncake	柠檬月饼
food/mooncake/olive	Olive Mooncake	橄榄月饼
food/mooncake/orange	Orange Mooncake	橙子月饼
food/mooncake/peach	Peach Mooncake	桃子月饼
food/mooncake/plum	Plum Mooncake	李子月饼
food/mooncake/melon_slice	Melon Mooncake	西瓜月饼
food/mooncake/peanut	Peanut Mooncake	花生月饼
food/mooncake/gold_apple	Golden Apple Mooncake	金苹果月饼
food/mooncake/enchanted_gold_apple	Enchanted Golden Apple Mooncake	附魔金苹果月饼

